1,Brian,Ward,Female,2006-05-14,742 789 4285,samanthafuller@hotmail.com,"1451 Nicole Creek
Cynthiaberg, NT Y6R 2E2",L2R7B4
2,Paige,Stark,Other,1971-12-28,897-796-4207,kfriedman@yahoo.com,"55937 Wallace Inlet Apt. 175
Daytown, NU K5J 8M9",C3T1L1
3,Charles,Bell,Female,1974-01-03,831-131-2202 x417,cookjody@hotmail.com,"1448 Cynthia Road
Turnerhaven, AB Y6A 5K3",J2V 5N3
4,Ronald,Davis,Male,1944-09-15,(144) 449-0894 x251,herbertblair@davis-harding.biz,"3029 Lisa Flats Apt. 294
Port Margaret, AB E7C 7B2",Y2L2G1
5,Charles,Lowe,Male,1954-09-17,620-570-2184 x005,loganlauren@gmail.com,"971 Ramirez Isle Suite 851
Lunabury, AB V5J 7J8",H3K6T4
6,Melanie,Mcguire,Male,2005-10-16,1-276-690-0131,rlin@yahoo.com,"3038 Adam Meadow
Deborahhaven, PE V5A 7S8",J1M6T5
7,John,Sanchez,Male,2000-08-15,385-852-8431,dmartinez@parker.net,"158 Anthony Ranch Apt. 950
Reneeport, AB G2K 7N6",G3G6E5
8,Justin,Mcdonald,Female,1999-11-10,742-929-3615 x518,margaretjohnson@yahoo.com,"11386 Matthew Crossroad
Andersonchester, ON P9J1G3",K4Y 8H3
9,Jamie,Powell,Other,2003-03-20,760 447 3496,thomas60@holland.com,"167 Ford Path Apt. 399
Sherihaven, NB L5R 5B1",S1C5M4
10,Robert,Smith,Female,1986-12-23,977-427-6247 x497,michaellevy@walsh-campbell.biz,"379 Robertson Village
Amyland, NS L8C2R3",A4L 8M3
11,Mary,Mason,Female,1975-12-11,523.146.7445,lowerywilliam@kirby-walker.org,"6042 Jacob Burg
North April, AB C2C6N2",R7P4G8
12,Jennifer,Foster,Male,1959-04-14,(526) 246-7035,james22@yahoo.com,"195 Kristi Station
East Javier, PE J8A 1H1",K3J6Y8
13,Laura,Cook,Other,1963-03-10,(704) 554-7210 x632,crystalgraham@james.org,"1101 Angel Grove Suite 657
Cooperfort, NS P1J 2L2",A4Y3E5
14,Shannon,Brown,Male,1998-08-19,+1 (176) 319-8123,gordonpedro@hotmail.com,"05343 Jordan Villages
New Laurie, MB V1G 9G5",K9B 7B7
15,Tina,Pollard,Male,2005-10-29,911.884.8791,karen59@hotmail.com,"4001 Santiago Ports Apt. 648
Michaelmouth, NU P7H4X2",P9P2V6
16,David,Simon,Other,1984-12-23,917-332-8738,jonathanstafford@thompson.com,"994 Brandi Flats Apt. 674
Derrickmouth, ON S4S5J6",T9L 5M3
17,Christina,Willis,Other,1985-05-09,(644) 803-3023,suzanne18@patel.com,"8929 Stephen Prairie Apt. 302
Nortonborough, NL A8J 2G9",X4S7P1
18,Cheyenne,Lynn,Other,1998-02-09,684-049-1954 x765,carterseth@hotmail.com,"5235 Ashley Crest Suite 533
North Paula, NU P3N5X2",A2M3K3
19,Travis,Mathis,Female,2004-11-16,367.704.1572,ageorge@brown-davis.info,"143 Mccoy Glens Suite 300
Potterton, NU H6K7T5",G6N9G6
20,James,Davis,Male,2004-06-22,(133) 369-8174,whitemadison@hotmail.com,"9959 Shelton Forges
Port Tonyamouth, NB N4N9H5",P8T 2R2
21,Michael,Livingston,Other,1981-10-15,1 (961) 585-9115,irice@jackson.biz,"150 Jamie Station Suite 006
South Rhondamouth, SK N2M9B5",C6V4T2
22,Nicholas,Lopez,Other,1985-10-03,(492) 932-7705 x649,allenkimberly@wyatt.info,"0675 Hanna Stravenue Suite 187
Lake Douglasburgh, NL X5T 2L4",C7Y4T4
23,Stephanie,Herring,Other,1950-01-30,1-424-317-8278,dgardner@mullins-reyes.net,"253 Joshua Trace
West Lisaburgh, NT A1C 3G9",P8H 4X7
24,David,Evans,Female,1973-06-06,+1 (822) 204-8036,mccarthyrachel@yahoo.com,"0266 Rodriguez Squares
North Christinahaven, BC A6S6X8",M4M 8E1
25,Amy,Moore,Other,1952-08-19,838-657-2951,kathleen83@yahoo.com,"905 Sanchez Mall
Pierceland, NU L9M5S1",P5H7C7
26,Travis,Phillips,Female,2001-08-18,(388) 759-2975 x040,christianhunt@davidson-reid.com,"509 Rodriguez Terrace
West Kathyfort, NL G8S6Y8",N8K1S7
27,Charles,George,Male,1990-02-25,(911) 521-4788 x273,lisabryant@yahoo.com,"90860 Gilbert Junction Apt. 100
Bryantville, NS E3L8C8",H6J2X3
28,Ronald,Parker,Other,1967-06-06,1-464-718-0178,david22@robinson.com,"7798 Myers Port
East Michelle, NS H6R9S4",R2G 8M7
29,Joshua,Wolfe,Male,1999-06-10,(667) 466-8844,hurleyholly@gmail.com,"36616 Alexander Spring
North Joshuatown, SK C3H4Y7",B4L 9V1
30,Alex,Thompson,Female,1953-01-03,+1 (773) 398-1189,maria58@hotmail.com,"2367 Mccoy Street
Johnsburgh, BC B3B 7P8",H2X3C1
31,Seth,Avila,Female,1997-08-14,258-113-6651,bradshawseth@pace.com,"04274 Eric Springs
Ryanland, ON M9A6X5",G8G 4N6
32,Stephanie,Munoz,Male,1960-12-27,121-663-1722 x717,jorge36@phillips-king.net,"72378 Cory Corners Suite 100
Matthewside, NS H1P 3X7",E3H7G8
33,Tony,Fleming,Other,1982-05-19,(216) 832-1975 x399,michaelrose@mcdonald-clark.com,"42627 Jason Unions
Port Holly, QC N1J3B5",T1V 2T7
34,Nicole,Mack,Female,1951-03-14,615-895-8732,kevinfoster@harper-obrien.net,"916 Brown Club
New Teresa, NS B3Y9E7",B6H 2L1
35,Edward,Walton,Male,2006-11-21,+1 (835) 433-5543,jonesteresa@cunningham-armstrong.com,"585 Sherman Land Apt. 054
Rojasburgh, NT R1P3A2",L8G 4P5
36,Daniel,Grant,Other,1949-07-19,851-177-4210 x313,sellersteresa@woodard.com,"561 Matthew Fork
Erinhaven, QC K8L 7L2",X1L9J5
37,Timothy,Wilson,Other,1975-08-04,(408) 646-1013,tgonzales@yahoo.com,"653 Chase Brook
Lake Tina, NT K1L 6M6",P5V 6E3
38,Margaret,Whitaker,Male,1972-09-30,697-129-9324 x151,paula52@hotmail.com,"62557 Porter Ridges Apt. 469
Taraside, AB G1L 1C6",V1E 4Y1
39,Dalton,Pittman,Female,1983-03-18,1 (695) 203-5102,greggdawson@yahoo.com,"260 Courtney Loaf Apt. 403
South Brentburgh, YT C2R 6J3",Y9X9A6
40,Christopher,Marks,Other,2006-07-19,+1 (277) 339-4342,williamsmegan@hotmail.com,"196 Cline Inlet Suite 469
Mitchellfurt, ON H3T7E8",R8K 8T3
41,David,Holland,Other,1961-07-28,363-246-2707,othompson@washington.info,"805 Bailey Manor
North Angela, SK V8C 6Y3",A6L1E4
42,Pamela,Mendoza,Other,1968-09-22,+1 (630) 066-5077,janiceray@curry.info,"558 Julie Villages
Markstad, PE K3H 9L6",V8A7K6
43,Mia,Taylor,Female,1968-04-07,354-064-1090 x188,istephenson@anderson-schmidt.com,"17931 Patricia Mountain
Jenniferborough, PE E6E 2G7",P9L 7E3
44,Tracy,Alvarez,Male,1972-10-12,+1 (694) 010-0119,qhughes@mullins.com,"5070 Goodman Lakes
Sweeneyberg, ON N1J8E7",M2G7A1
45,Christina,Smith,Other,1978-12-19,(816) 664-0501,owensbrian@hughes.com,"97420 James Highway
North Elizabeth, YT Y4Y1G6",T3V4T9
46,Karen,Dickerson,Other,2002-10-29,636 726 7465,samanthaingram@palmer.org,"2496 Kristen Ferry
Smithfort, NS S9V8A7",H3L 6B4
47,Bryan,Howard,Other,1988-01-28,(111) 040-9546,townsendmichael@jefferson.com,"717 David Ways Suite 439
Mcguireville, AB J8L 1K4",G3L 6L9
48,Danielle,Kim,Female,1952-01-14,793-016-2372 x457,clementsdustin@smith.com,"751 Stephanie Roads Suite 386
South Linda, NU J2A2G8",M1L7G5
49,John,Neal,Male,2005-07-19,289.550.7241,banksmonique@smith.info,"9908 Taylor Ramp
Sherryhaven, ON K7H3G8",E1M 5N5
50,Kimberly,Steele,Female,1982-07-31,955-477-0185 x363,danielle12@yahoo.com,"62570 Mary Overpass
Luisside, BC J8A 5V4",K3V3N5
51,Norma,Fry,Female,1971-03-05,938.549.5071,williamsjeffrey@cross.com,"8753 Fritz Village Apt. 735
South Cameron, SK J3J6N2",G5N1A4
52,Justin,Brown,Female,1965-12-29,(784) 178-7759,gkane@lopez.info,"09892 Howard Forest Suite 922
Marytown, NB R6N 4B3",T6X 1K8
53,Victoria,Mitchell,Female,1992-12-16,850 549 9554,rebecca83@gmail.com,"572 Donna Parks
Darrenstad, MB R7X9K8",L1H 1T6
54,Melanie,Miller,Male,1947-05-01,737-801-4791 x364,sanchezcrystal@gmail.com,"191 Moore Road Apt. 500
Port Tracy, MB X6B 9S8",J9J 7H1
55,Michael,Edwards,Male,2001-09-27,(357) 434-7121,ramosjeffery@gmail.com,"4702 Pamela Canyon Apt. 895
West Charles, NL S2Y 2H2",M1G 9T5
56,Matthew,Phillips,Other,1996-05-03,(130) 191-6009,spencerdesiree@herrera.com,"7472 Rebecca Ports
Suzanneburgh, NB Y7K 7H7",G7H2N5
57,Diane,Allen,Female,1997-03-15,769.211.8191,andrea52@yahoo.com,"898 Donald Rapids
Karibury, AB E4M3R3",H1H2E7
58,David,Evans,Female,1955-01-22,+1 (563) 416-6486,tony66@gmail.com,"50786 Brown Islands
Port Alexander, AB T1K 4P2",P8N 7M8
59,Frank,Suarez,Female,1994-07-29,558 612 3446,wilsonjessica@yahoo.com,"121 Martin Ridges
Port Cody, NU V9E9X1",E5X 8B9
60,William,Bailey,Female,1975-12-03,(961) 987-1004,john14@barnes.com,"01713 Jeffery Junctions
Charlesfurt, MB E1R 8C4",B2N1S1
61,Sue,Castillo,Female,1986-08-06,(532) 406-7882,chelsea39@owens.com,"152 Thompson Glens
South Adamville, NS L6K3H6",T9Y 5K6
62,Christopher,Beck,Female,2002-10-19,+1 (993) 832-5090,pfisher@nguyen.com,"020 Jesse Green Apt. 185
New Jennifershire, BC R1T 8L3",K4C 3B9
63,Carlos,Perez,Male,1995-10-20,1 (643) 381-6565,tmorgan@bryant.com,"9904 Bell Track
New Melanieside, NB C7X9J5",M6K 8G7
64,Charles,Gaines,Female,1951-06-14,139-130-4776,travisallen@howard-brown.info,"29617 Christina Motorway Apt. 722
South Mark, BC E3L6K9",T8X2M4
65,Amanda,Richards,Female,1986-10-10,424.311.2342,mendezbrandon@hotmail.com,"191 Rebecca Square
Tammymouth, NS M8A3S9",B5Y6M7
66,Misty,Willis,Other,1993-11-14,(307) 727-8141 x364,ubruce@gmail.com,"6328 Gray Center
Port Mackenzie, NT R5E1X5",J6J8V7
67,Julie,Taylor,Female,1980-01-23,(203) 599-7849 x245,kimberlyskinner@guzman.com,"275 Troy Locks Suite 523
Wrightland, QC C2M 9L8",P1E2H4
68,Cathy,Flynn,Male,1979-04-09,(202) 626-5864,jenniferwilson@meyer-cruz.com,"3629 Walker Dam Suite 240
Robertshire, QC P8H 6Y4",M6S 9R7
69,Gary,Sharp,Other,2005-07-20,522.049.9348,smckay@yahoo.com,"97160 Billy Curve
Kayleefort, ON C3E 3H3",B2T1J4
70,Ricardo,Wilkerson,Other,1947-11-07,(259) 401-1887,cameron99@gmail.com,"519 Guerra Mews Apt. 925
Williamchester, NL J8H 4C5",C7R8N4
71,Brittney,Hunter,Female,1989-05-22,(733) 807-9863,kkelley@duncan.org,"6865 Castro Plain
Jocelynville, QC E2V6V9",X1R 9E3
72,Ronald,Ross,Other,1953-04-18,1 (533) 556-9908,mmiller@gmail.com,"667 Jill Heights Apt. 009
West Adamshire, NU L7L7B8",B2N3S8
73,Deborah,Miranda,Other,1986-08-29,169-481-9702 x342,paulmaria@hotmail.com,"025 William Cape Suite 726
Alvarezview, NL K1E 1J7",L4X 4C3
74,Jennifer,Hobbs,Other,1974-01-13,+1 (745) 817-0763,aruiz@nicholson-bauer.com,"3715 Wong Trafficway
East Georgefort, BC Y6B1C5",P5Y 6P7
75,Katie,Jones,Other,1964-08-18,+1 (246) 579-8446,hannah15@roberts.com,"323 Mccormick Rapids
East Alexander, PE H7N5M8",N4M9E4
76,Adrienne,Avery,Other,1973-06-16,517.514.3747,qkeller@yahoo.com,"1169 Arroyo Forest Apt. 848
Garciafurt, NL Y5G 1V5",X8L 4X1
77,Stacey,Watts,Female,1970-07-14,621-467-2195,jimeneznicholas@arias.com,"50195 Maddox Parks Suite 762
Port John, ON H6H 3E8",M4K5C3
78,Jonathan,Gutierrez,Male,1987-12-19,424.310.6577,paul01@hotmail.com,"220 Shaw Lodge
Williamsonmouth, MB N8V 4B2",H4K1H3
79,Ruben,Howard,Female,1954-05-07,1 (405) 266-5654,zvelazquez@hotmail.com,"593 Kyle Estates Apt. 065
Josephbury, PE B3G6N5",A2C 5S3
80,Bryan,Reynolds,Other,1957-05-09,395.080.9255,burkekristine@hotmail.com,"87584 Carol View
Lorihaven, SK Y2V8R2",T9A9E6
81,Traci,Spencer,Female,1966-10-04,1-867-715-2182,sandra41@ward.com,"7598 Conner Drives
Suzanneburgh, NB K8B5J1",E7L2S6
82,Gary,Rios,Female,1977-11-28,+1 (635) 163-2940,chavezleslie@gmail.com,"4248 Jennifer Shores
Davisburgh, NL A2S 1Y5",G5X 3N8
83,Marie,Brown,Other,2003-10-28,(422) 891-5882 x320,wrobertson@hotmail.com,"942 Hector Plains
Williamfurt, BC T3H5K8",R1B 4P5
84,Curtis,Little,Other,2001-08-24,1 (897) 556-8925,bookerkrista@lowe-jefferson.info,"2110 James Islands
Smithstad, PE S5Y3T1",N1M3C4
85,Michael,Johnson,Other,2001-07-30,627-203-0811 x772,scottleach@gordon.com,"108 Christopher Expressway Suite 023
Port Gregorystad, NU T2B 1K3",R6X1Y6
86,Angela,Charles,Female,1994-02-04,(331) 710-5568,nancythompson@carter.info,"05583 Bowen Court Suite 135
New Joshuaside, NS T6A3N5",T3R 1V3
87,Mark,Gibson,Male,1960-02-23,+1 (446) 347-2465,jasonmora@williamson.com,"0243 Cathy Points Suite 641
West Benjaminmouth, NT C7X8B7",R7S 4K3
88,Laurie,Nash,Female,1980-03-21,1 (469) 886-3423,jessicacunningham@curtis-ortega.net,"22118 Cardenas Union
North Amandaton, NS P2K 2R6",R8T 2G6
89,Zachary,Matthews,Male,1982-03-26,1-445-674-6182,jamesstevenson@payne.com,"65725 Brittney Track
South Garytown, NS C3Y9H2",H5H9T9
90,Cassandra,Baker,Female,1953-02-23,+1 (694) 878-2645,omar77@hughes-espinoza.com,"773 Henderson Prairie Suite 147
Burkeberg, NT H6B 5K6",V1R9G3
91,Jeffrey,Cole,Female,1964-07-24,(377) 251-4989 x287,royjohnson@walker-wells.com,"67577 Acosta Mountains
Sarahmouth, PE H7X 9C9",R3H8J9
92,Amanda,Jimenez,Other,1960-06-19,726-401-8185 x903,xpugh@rose.com,"5581 Reyes Mountains Suite 427
Courtneychester, ON T6A 2S2",E2J2J5
93,William,Smith,Other,1982-03-11,698-821-8568 x497,hornkatherine@james.org,"25069 Jennifer Ridges
Keithfurt, NL V6V 6L8",Y8L6K6
94,Valerie,Miller,Female,1954-02-02,675.046.8331,freemanjasmine@gmail.com,"37589 Herrera Vista Apt. 049
Lake Danielville, QC K5G5H3",C6B1T8
95,Emily,Callahan,Female,1958-10-24,1 (896) 150-9588,brian15@yahoo.com,"4918 Le Village
North Adamton, PE A9A 9M9",X5V6N5
96,Douglas,Wallace,Other,1977-01-05,(699) 565-2193,kaylee31@gill.com,"7492 Alejandra Club
North Karenfurt, AB K8S 6P5",E7T7R6
97,Stephen,Tucker,Other,1966-10-23,943-066-5489 x829,joseph96@wilson.biz,"7360 Johnson Corners
North Kenneth, NB A1C3E2",G5B 9L6
98,Amanda,Flowers,Other,1971-12-24,156-012-2464,robertstrong@gmail.com,"53150 Fuller Manor Suite 119
North Danielle, PE M5V4Y2",R6C5K8
99,Dustin,Smith,Male,1963-03-16,1 (516) 861-7786,bradleypamela@hotmail.com,"236 Poole Falls
New Brandonhaven, QC S3S3A5",A1Y8H8
100,Eric,Mills,Female,2002-09-15,944.681.3055,kaylee07@gmail.com,"595 Green Meadow Apt. 827
South Katherineland, AB C8L3B7",G7T3P1
