delivery_id,po_id,tracking_number,sender,receiver,courier,d_address,d_est_date,d_act_date,deliver_type,deliver_status
1,1,TRK-834484348,Scott Ramsey,Elizabeth Garcia,Hampton-Jones,"7041 Black Mews
North Tabitha, ON L7T1A5",2025-03-12,2025-03-15,1,0
2,2,TRK-433166731,Justin Potts,Michelle Mendez,"Rivas, Pace and Franklin","4568 Deborah Bypass Suite 714
South Nancy, QC Y3Y 9E8",2025-03-02,2025-03-01,1,0
3,3,TRK-910656125,John Butler,John Woodward,Roberts LLC,"89420 John Shore Suite 468
Kellyport, NS R2A5J1",2025-03-12,2025-03-09,1,1
4,4,TRK-858925682,Wendy Weiss,Kyle Vasquez,Hernandez LLC,"1765 Todd Station Apt. 724
East Jimmy, AB V1H 8H3",2025-02-24,2025-03-10,1,0
5,5,TRK-178936340,Christian Hale,Christina Bryant,Lane Group,"8491 Holmes Mews Suite 691
West Anthony, NT X3N 9G6",2025-02-27,,0,0
6,6,TRK-557339060,Lisa Carrillo,Teresa Thornton,Thomas Ltd,"52510 Harris Light Suite 274
Port Shawnview, NT L6R 2M2",2025-03-13,2025-02-23,1,0
7,7,TRK-689318493,Carla Martinez,Richard Jones,Lee and Sons,"14424 Davis Manor Suite 782
Port Breanna, YT H6R 3A1",2025-03-08,,1,0
8,8,TRK-138399486,Jessica Stewart,George Patterson,Mills Inc,"20782 Bradley Port Suite 720
Hinesshire, QC J4V4N7",2025-03-08,2025-02-25,0,0
9,9,TRK-917870332,Olivia Hall,Amanda Lopez,Martin and Sons,"79681 Vanessa Via Suite 674
West Jessica, ON C2V5S3",2025-03-08,2025-02-24,0,2
10,10,TRK-861844696,Kathy Flores,Cynthia Turner,Coleman-Acevedo,"240 King Road Apt. 123
Michaelside, AB P2X 1T2",2025-03-09,2025-02-28,1,1
11,11,TRK-890722702,David Sims,Miss Tina Burton,Bryant-Payne,"320 Hubbard Court Suite 222
Garciashire, AB S4Y9B9",2025-02-18,,0,0
12,12,TRK-527458436,Michael Jones,Dalton Robinson,Wolfe-Daniels,"676 Craig Summit Suite 432
Johnstonshire, PE G9G 6K3",2025-03-15,2025-02-28,0,0
13,13,TRK-831023038,Karen Boyd,Jonathan Miller,Cruz-Murray,"016 Fleming Row
Rachelhaven, SK V7H4V2",2025-02-18,2025-03-18,1,2
14,14,TRK-069924004,Marcus Ryan,April Cook,Olsen-Nguyen,"135 Manning Lakes Suite 681
East Kristen, ON L9K 8T5",2025-03-11,2025-02-24,0,2
15,15,TRK-770244543,Jennifer Salas,Jeffrey Ramirez,"Hobbs, Frost and Bean","878 Torres Ferry
Suzanneton, NT A4K 3L2",2025-02-19,,1,0
16,16,TRK-944278252,Timothy Bailey,Teresa Howard,"Williams, Grimes and Sullivan","833 Burton Plain Apt. 714
Angelamouth, NL A3C8H3",2025-02-22,2025-03-12,1,2
17,17,TRK-228329531,Anna Chan,Jason Weeks,Coleman-Levy,"4175 Alvin Forks
Rachelside, YT K3A 4A4",2025-03-11,2025-03-03,0,2
18,18,TRK-119091918,Anthony Kim,Sarah Cox,Parks-Li,"121 Diane Isle
Smithland, NS X1G2G4",2025-02-23,2025-03-15,0,0
19,19,TRK-809972962,Samantha Bailey,Derrick Roy,Hendricks Ltd,"2254 Alicia Harbors Suite 271
Paulstad, QC T9R1V7",2025-03-07,2025-03-08,1,0
20,20,TRK-485966342,Matthew Brewer,Deborah Kaiser,"Cole, Freeman and Yates","334 Miller Views Suite 437
Pearsonmouth, NL R4E 8C8",2025-03-09,,1,0
21,21,TRK-122104050,Susan Taylor,Mitchell Moran,Wright-Shannon,"623 Thomas Crossing
West Daniel, NU A8R9L3",2025-02-25,2025-03-11,1,1
22,22,TRK-573483346,Laura Martinez,Randall Stewart,Hale-Lewis,"587 Hayes Ferry Suite 380
Caseymouth, MB P1K 8P9",2025-02-26,2025-03-01,0,0
23,23,TRK-642799621,Kaitlin Thomas,Dr. Melissa Hunt,"Moore, Harrison and Sanders","02484 Pope Key Apt. 545
Carolton, NT P1E7A3",2025-02-28,2025-03-17,0,0
24,24,TRK-629528290,Cassandra Wilcox,Mr. Joseph George,Lawrence and Sons,"40930 Hart Spur Suite 071
Rogersshire, ON R2B7N8",2025-02-20,2025-03-08,1,2
25,25,TRK-532579507,Willie Richardson,Catherine Torres,Warren Group,"13886 Howe Motorway Apt. 166
North Lindahaven, ON A1L6C6",2025-02-18,2025-03-04,0,1
26,26,TRK-618003061,Isaiah Harper,Herbert Brewer,"Bryant, Stephens and Martinez","4909 Jessica Place
Tyroneview, QC S5C 7A9",2025-03-05,2025-02-28,0,1
27,27,TRK-234196918,Kyle Curtis,Elizabeth Evans,Ferguson PLC,"9446 Joseph Manor
East Andre, NU H9A 4N4",2025-03-09,2025-03-14,1,1
28,28,TRK-637478059,James Medina,Angela Spence,Robbins-Allen,"8232 Tanya Plaza
Roberttown, NL L4K 5G5",2025-03-04,,1,2
29,29,TRK-654475234,Carlos Campbell,Brandon Ward,"Henderson, Williams and Rush","45061 Miller Road Apt. 020
Lake Edwardton, YT K7C 4T2",2025-03-16,,1,2
30,30,TRK-118341694,Kenneth Chavez,Karen Myers,Austin Inc,"586 Walter Isle Suite 173
Boyerfurt, BC T5L 1G2",2025-03-04,2025-02-28,0,0
31,31,TRK-327639447,Douglas Stevens,Alexis Murphy,Phillips LLC,"9810 Gordon Junction Apt. 999
West John, NT A8B8T4",2025-02-22,2025-03-14,0,2
32,32,TRK-877804384,Melissa Roberson,Danielle Blair DDS,Barron-Walsh,"034 Robinson Forges Apt. 010
South Timothy, YT K3C4L2",2025-03-14,2025-02-24,1,2
33,33,TRK-799317118,Janice Reeves,Veronica Rose,Cooper-Rodriguez,"7293 Teresa Shore Apt. 949
Michaelfurt, YT K1X5N1",2025-03-10,2025-03-04,1,1
34,34,TRK-908524589,Erin Smith,Steven Riley,Hill LLC,"5141 Werner Hills Suite 835
North Thomasmouth, NS C4N 2S2",2025-03-16,2025-03-03,1,2
35,35,TRK-551015533,Allen Myers,Steven Cummings,Jenkins-Le,"95877 Jeffrey Throughway
Port Aliciaville, NS E9M 2R7",2025-02-25,2025-03-17,0,1
36,36,TRK-266368896,Andrea Thomas,Meghan Morris,Cook-Fields,"561 Lopez Rapid
Lake Joyborough, BC G5H 5K9",2025-02-25,,1,1
37,37,TRK-015801632,Cynthia Reynolds,Michelle Cummings,Anderson-Hill,"4600 Kathleen Cape Suite 135
Maxwellburgh, ON V3A9T5",2025-03-06,2025-02-20,0,2
38,38,TRK-837673359,Rebecca Watson,Dustin Skinner,Lopez-Wallace,"1302 Jillian Ferry
Port Colinborough, MB B9N 1V4",2025-03-05,2025-03-06,0,0
39,39,TRK-762533115,Thomas Scott,Sandy Cox,"Bryant, Turner and Villegas","9874 Matthew Rue
West Lauriemouth, NS B4R 5B9",2025-03-04,,0,1
40,40,TRK-020894588,Leon Bentley,Jessica Harris,Moran Group,"92600 David Fall Apt. 029
East Wendyberg, NL J6M1N7",2025-02-25,,0,2
41,41,TRK-203871562,Donna Garrett,Wendy Moran,Carroll-Chandler,"8103 William Ports Suite 862
Gatesfurt, QC C9L 2B4",2025-03-17,,0,1
42,42,TRK-354427482,Joanne Miller,Valerie Booth,Baker Inc,"8330 Lisa Dam
Butlermouth, QC A3R 7M7",2025-03-05,,0,0
43,43,TRK-777984124,Eric Reese,Connie Fernandez,Moore-Mcknight,"60429 Amy Brook Apt. 089
New Lonnie, PE K7A 5X5",2025-03-04,2025-02-19,0,0
44,44,TRK-500840975,Juan Keller,Daniel Sandoval,"Williams, Malone and Gutierrez","586 Wilson Crossing
Torresborough, NT B9T9R8",2025-03-11,,0,0
45,45,TRK-458026374,Zachary Valenzuela,Barbara Castillo,"Fisher, Middleton and Crane","767 Reed Mountains Suite 199
South Tiffanychester, NB V2P9E5",2025-03-03,2025-02-27,0,2
46,46,TRK-860095771,James Berry,Bryan Garrett,Kim-Benson,"2031 Melissa Place Apt. 749
Port Anthony, NL K9P 3E8",2025-02-24,2025-02-23,0,2
47,47,TRK-848543586,Jesus Allen,Megan Peterson,"Lyons, Lewis and Jordan","4950 Franklin Harbors
Larrymouth, PE S6R3M5",2025-03-15,2025-03-09,1,0
48,48,TRK-769016994,John Long,Stephanie Stevenson,Estes-Wilson,"869 Jones Orchard Suite 184
Lisaburgh, NU V2B9H5",2025-03-07,2025-03-17,1,1
49,49,TRK-188171367,Melissa James,Steven Hill,Parker and Sons,"68753 Morton Gardens Suite 143
Barajasfort, MB M2L4T1",2025-02-23,2025-03-15,0,0
50,50,TRK-746467806,William Lewis,Chad Brown,Ferguson-Mccormick,"01025 Caleb Lodge Suite 806
Douglasville, MB B3M 9S2",2025-03-18,2025-03-07,1,2
51,51,TRK-896459366,Carol Hill,Alexandra West,Wood-Johnston,"646 Farrell Village Apt. 483
Port Ericaburgh, NB P9G7M7",2025-03-12,2025-02-21,0,2
52,52,TRK-807170217,Edwin Dawson,Diane Russell,Morgan-Vaughn,"190 Robinson Valley Apt. 349
West Teresamouth, NS B8T 8C6",2025-03-18,,1,1
53,53,TRK-207437538,Nicole Collins,Regina Perkins,"Rodriguez, Anderson and Drake","722 Matthew Wall
Port Hailey, SK L6J 8P1",2025-02-20,2025-03-08,0,2
54,54,TRK-791990668,Jordan Gates,James Soto,Williams-Drake,"20198 Michelle Fall Suite 011
Holmesberg, NS L4J3V2",2025-03-04,2025-03-18,0,0
55,55,TRK-209615121,Karen Harmon,Sherry Herrera,Brown-Mcclure,"9481 Ross Villages
Rebeccaport, YT M2T3R1",2025-03-13,2025-02-19,0,0
56,56,TRK-581201779,Kari Cox,Victoria Perkins,"Mccullough, Burgess and Morris","67434 Jennifer Neck
Lake Adamfurt, MB R5P 8G4",2025-02-21,2025-03-05,1,0
57,57,TRK-770389867,Randy Lucas,Joshua Adams,Sherman PLC,"851 Tim Ferry
North Andrewmouth, NT P6J6A5",2025-02-26,,1,1
58,58,TRK-657625487,Daniel Sparks,Jessica Preston,Adkins-Scott,"36179 Clark Islands Apt. 512
Lake Davidton, NT B2J 6B6",2025-02-27,2025-02-23,0,1
59,59,TRK-411293750,Stephen Peck,Haley Moore,Mullen LLC,"7174 Kelsey Greens
Port Lisa, NU Y3G 9Y4",2025-02-23,2025-03-10,0,1
60,60,TRK-368935593,Kelly Brown,Lynn Tucker,"Mason, Grant and Nunez","4064 Kaufman Hill
East Gregory, SK N7G 1M4",2025-03-09,,0,1
61,61,TRK-571374208,David Wilkins,Natalie Jackson,Miller-Gordon,"84453 Robinson Spring
Mindyshire, NT Y3E4L2",2025-03-15,,1,0
62,62,TRK-421470622,Thomas Campos,Nicholas Peterson,Wallace Group,"46703 Baker Underpass Suite 727
Herreraport, PE B9E4C4",2025-03-03,,0,2
63,63,TRK-332856998,Amanda Guzman,Jennifer Valencia,"Wright, Morgan and Lucas","7872 April Lakes
Tammiefort, SK H6P 6H1",2025-03-16,2025-03-01,1,1
64,64,TRK-795130046,Wendy Harris,Joel Bailey,Gibbs-Alvarado,"981 Susan Fort
West Davidshire, PE N6M2X4",2025-03-04,,1,2
65,65,TRK-746965229,Michael Lopez,Christopher Lee,"Serrano, Hopkins and George","95862 Adams Land
New Don, QC J6P 5Y3",2025-02-25,,1,0
66,66,TRK-611143630,Mary Luna,Christine Gray DDS,Becker Group,"02561 Vasquez Trail
Lake Regina, YT R9G7P2",2025-03-02,,0,0
67,67,TRK-283940427,Andrea Mccarthy,Jared Rios,Moore PLC,"1211 Dodson Crossroad
Christinefort, NU L3J 9T1",2025-03-01,,1,1
68,68,TRK-809557676,Dr. John Williams DDS,Lisa Hughes,Barr-Stewart,"54962 Bridges Throughway
Reynoldsfort, NT T5C 8Y3",2025-03-13,2025-03-12,1,2
69,69,TRK-141924497,Jacob Mathews,William Diaz DDS,Wright-Baker,"93827 Mark Roads
Arthurport, AB V9R1J9",2025-02-23,,0,2
70,70,TRK-501725326,Matthew Phillips,Christina Lee,"Lyons, Brown and Lozano","59775 Johnson Circle Suite 826
East Richardhaven, BC C3P 9S2",2025-03-04,,0,2
71,71,TRK-117326025,Gina Abbott,Christopher Burke,Tucker PLC,"382 Lee Road
Jenniferview, SK M8N9S5",2025-03-14,2025-03-03,1,2
72,72,TRK-323459810,David Franklin,Jonathan Romero,Torres PLC,"3721 Philip Rue Apt. 402
Martinezburgh, AB P7C9B1",2025-02-26,2025-02-19,1,2
73,73,TRK-674583516,Patrick Parker,Steven Cook,Martinez Inc,"04607 Huffman Court
Joneschester, PE R6A 3K1",2025-02-25,,1,0
74,74,TRK-218197237,George Graham,Tammy Thomas,Reed Inc,"122 Justin Pike
West Michaelside, YT B3R 1P7",2025-02-24,,0,1
75,75,TRK-914903462,Jaime Garcia,Tracy Alexander,"Johnson, Blackwell and Davenport","8631 Pope Row
North Williamfort, NL L5E 9J5",2025-03-05,2025-03-17,0,0
76,76,TRK-007665547,Hayley Barber,Matthew Harrison,"Smith, Garcia and Glenn","5405 Michele Fall Suite 097
Port Benjaminborough, ON G6H 9N4",2025-02-21,2025-03-18,1,1
77,77,TRK-850048011,Gregory Hubbard,Shawn Espinoza,Carroll PLC,"972 Brian River Suite 496
North Deborah, NS B2V1N3",2025-03-17,,0,2
78,78,TRK-716171843,Julia Lewis,Anthony Roberts,"Diaz, Martinez and Wise","669 Sierra Stravenue
West Carolynberg, QC E2X5A4",2025-02-21,2025-03-14,1,0
79,79,TRK-171571640,Sandy Reed,Kelly Roberts,"Jimenez, Turner and Jenkins","095 Miller Lock
Oneillton, NL N8N8R5",2025-03-13,2025-02-18,1,1
80,80,TRK-803902877,Tiffany Ayala,Kyle Robinson,"Phillips, Mayo and Smith","5387 Edward Extension Apt. 223
South Brandon, QC K1E 1M6",2025-03-12,,0,2
81,81,TRK-119106869,Michael Clark,Ricardo Brady,"Valencia, Russell and Wu","42847 Brandy Stream
Brookschester, MB P5T 8R5",2025-03-18,2025-02-23,1,1
82,82,TRK-511480571,Michael Arnold,Jeffery Jacobs,"Bryan, Robinson and Perry","74678 Suzanne Divide Apt. 634
Cynthiatown, QC N9P 4L4",2025-03-05,2025-02-19,0,0
83,83,TRK-983965142,Linda Wood,Linda Diaz,"Gray, Thompson and Mccarthy","73239 Tammy Ferry
New Jennifer, NS T7G4A8",2025-03-08,2025-03-01,0,1
84,84,TRK-802204237,Kathleen Weber,April Smith,"Johnson, Mccullough and Medina","847 Haynes Forks
New Antoniobury, PE M9T4T2",2025-02-20,2025-02-27,0,1
85,85,TRK-623926134,Mark Fischer,Mark Miller,Ochoa and Sons,"97987 Riddle Shore
Port April, QC P6V3R3",2025-03-01,2025-03-15,1,2
86,86,TRK-300777271,Katie Parker,Tracie Porter,White LLC,"992 Jones Parkways
North Edward, AB P3S 4N9",2025-02-28,2025-02-26,1,0
87,87,TRK-898694401,Ashley Dunn,Sarah Woodard,"Holland, Houston and Johnson","1856 Prince Keys Suite 371
East Kimberly, NS X7N1X6",2025-02-20,2025-03-17,1,2
88,88,TRK-924313514,James Wells,Kelsey Chung,Dixon-Stewart,"4950 Stanton Walks
Millerport, PE X3M 9K7",2025-03-04,2025-03-01,0,2
89,89,TRK-931890890,Jason Perez,Allison Ross,Juarez Inc,"6528 Amber Circle
Sarahton, NU R3T6R1",2025-02-23,,0,1
90,90,TRK-130984233,Shannon Santos,Tammy Hernandez,Jones Inc,"3426 Smith Heights
South Markfort, YT Y5X7V7",2025-03-06,2025-03-07,1,0
91,91,TRK-616454422,Matthew Sanchez,John Powers,Chambers-Barr,"917 Todd Mountain
Eileenstad, NB K7J 7T3",2025-03-18,,0,0
92,92,TRK-319042663,Colleen Reid,Timothy Taylor,Garcia LLC,"343 Mitchell Circles
Michaelberg, SK Y1Y7L6",2025-03-11,2025-03-08,1,2
93,93,TRK-320620985,Christopher Riley,Anthony Moore,"Matthews, Robles and Wood","1523 Carter Hills Apt. 654
Robertmouth, NL K3C 1M9",2025-02-23,2025-02-26,0,2
94,94,TRK-091110936,Elizabeth Ross,Eric Chavez,Richards-Turner,"265 Tiffany Alley Apt. 176
New Saraberg, AB A6M 9P3",2025-03-09,2025-03-06,0,0
95,95,TRK-526623326,Alexander Campbell,Alicia Taylor,Davis Group,"9351 Heidi Via
South Joyce, NS P3B 7K1",2025-03-07,2025-02-28,1,2
96,96,TRK-715132695,Darin King,Todd Lopez,Gutierrez-Morrison,"655 Bobby Burgs
Kingmouth, NL A1L1C3",2025-03-15,2025-03-18,1,2
97,97,TRK-302741204,Amanda Brown,Melissa Davis,Reed-Vaughan,"12116 Byrd Highway Suite 036
East Tabitha, PE G8T 4B5",2025-02-27,,0,0
98,98,TRK-117845444,Melissa Davis,Michael Knapp,Tapia-Herrera,"5513 Daniel Stravenue
Port Rachelmouth, YT Y1E2K1",2025-03-03,2025-02-24,0,2
99,99,TRK-904484129,Kimberly Guerrero,Andrew Williams,"Harrison, Beck and King","259 Cox Neck
Port Charles, NU M3X 7E7",2025-02-25,2025-02-19,1,0
100,100,TRK-544913516,Sonya Rosario,Zoe Wood,Harrell-Martinez,"4630 Johnson Courts
Hollyborough, NB M4V1Y5",2025-03-09,2025-03-16,1,0
