1,27,"Bishop, Munoz and Watts",0,"01410 Juan Passage Apt. 217
West Darrell, SK S3G9L5",J2E 4A1,0
2,95,"Jenkins, Ryan and Meza",2,"65060 Rachel Road
New Dianeshire, BC M4K1P5",V8R5L2,0
3,20,Simmons Inc,2,"7914 Michael Port
New Kennethchester, NS J1R1G8",L7R3L6,1
4,47,Mann-Guzman,0,"800 Laurie Falls
New Melissa, SK J4V 9P3",C1P5J9,1
5,96,Johnson Group,0,"71074 Nicole Forks
Martinezside, NU K6P2A8",J7R 9P7,2
6,11,"Villarreal, Paul and Middleton",1,"810 Michael Meadow
Mullinsstad, SK M4S2G1",B9K 2T7,1
7,44,Clark-Sanchez,1,"938 Suzanne Road
West Andreatown, YT Y1M8X4",L3S1C5,1
8,66,"Williams, Schneider and Nelson",1,"32483 Williams Hills
Lake Tony, QC M8V8B6",J1R7H6,1
9,7,Velez PLC,2,"5013 Evans Avenue Apt. 080
East Carrieview, ON M6R 3S2",J5H 6V1,1
10,100,Yoder-Miller,2,"75147 Michael Passage Apt. 491
North Allison, NT K6G 6X2",E9C 6M2,2
11,37,Mitchell and Sons,1,"66452 Diaz Plain
New Darlene, QC A8Y 1L4",J5T8K3,0
12,41,Benjamin-Wall,0,"8473 Paul Expressway
Sosaview, QC H7P1A3",G8S4H9,0
13,18,Martinez and Sons,1,"2886 Juarez Lane Suite 234
Katherinemouth, NT E2L 3P6",Y4E2G6,0
14,100,"Robinson, Gomez and Vaughan",0,"06635 Collins Shores
South Ronald, MB K3R 5P2",G9X4V3,1
15,24,Reed-Dominguez,2,"327 Marie Lake Apt. 224
Jeremychester, AB N2B9H1",H3G6M3,0
16,79,Fox Group,0,"356 Clark Rue
Russellport, SK K6S 2R7",B4G6T5,2
17,50,"Salinas, Ortiz and Lucas",0,"077 Dana Garden Apt. 675
Stephaniehaven, NS H3Y 1T2",C2K 1S3,0
18,43,"Shaw, Leonard and Anderson",1,"638 Jennifer Green
West Jennifer, NT P9C7C4",H2L 2T5,1
19,64,"Williams, Chambers and Lane",0,"180 Sosa Point
Debbiehaven, YT L2B 8K2",S2T5Y5,0
20,7,Barnes Inc,0,"99890 Bryan Loop
Lake Brianhaven, BC P9Y 7L1",H2K9B4,0
