62,6,25,unit
112,7,9,unit
105,8,8,L
33,11,48,unit
87,13,45,kg
103,18,8,unit
149,6,8,unit
49,7,17,box
30,8,17,L
121,8,43,L
60,13,37,unit
88,11,42,unit
188,7,47,box
194,8,22,box
50,7,38,unit
59,18,43,unit
22,7,35,box
158,8,27,L
29,6,41,kg
120,13,24,box
21,11,12,L
9,6,42,L
68,7,26,kg
136,8,10,kg
104,11,27,unit
97,7,40,L
13,13,49,unit
175,6,37,L
182,8,10,box
61,11,7,L
107,13,3,box
65,7,12,L
152,18,41,box
25,8,7,box
19,6,7,unit
109,7,15,box
16,11,13,unit
101,6,49,kg
198,7,39,L
99,13,42,L
74,6,7,kg
178,7,6,unit
6,11,16,unit
135,7,18,L
5,6,17,box
51,8,11,L
160,7,27,unit
64,13,1,unit
145,7,4,box
157,7,18,box
133,8,29,L
189,7,43,kg
68,13,50,box
130,6,43,L
168,7,4,kg
169,11,5,unit
30,13,49,box
57,18,19,kg
191,6,24,L
44,7,48,kg
193,8,21,box
146,6,12,kg
8,7,38,kg
180,6,9,box
141,11,16,L
175,7,13,kg
54,8,46,box
85,13,27,unit
127,8,24,L
7,7,6,kg
199,8,17,kg
14,6,25,unit
42,7,45,box
91,13,40,kg
90,6,27,L
144,7,3,L
47,6,34,L
163,7,1,L
200,7,49,L
194,6,26,L
70,7,47,L
170,6,47,kg
25,7,50,kg
106,6,37,box
75,7,46,kg
44,8,17,kg
100,6,36,unit
132,7,17,box
40,7,19,box
33,6,9,unit
31,8,46,L
16,7,50,box
177,8,39,unit
148,7,6,box
98,6,25,box
161,6,23,box
106,7,8,unit
145,8,11,L
6,6,47,box
88,7,43,kg
29,8,32,L
84,7,39,L
34,6,47,box
161,8,9,box
23,7,47,L
57,6,17,box
94,7,49,unit
141,6,37,box
164,7,14,kg
67,8,44,kg
107,6,10,unit
59,7,13,kg
103,8,25,L
46,6,46,unit
143,7,20,unit
81,6,19,box
83,7,6,kg
52,6,25,box
129,7,37,L
